transaction_id,date,time,customer_id,department,amount
0,01.04.2017,8:05:57,3,Computers,94.2
1,01.04.2017,12:25:09,16,Books,46.44
2,01.04.2017,15:08:10,81,Automotive,32.51
3,01.06.2017,3:48:00,92,Clothing,88.07
4,01.06.2017,14:27:40,50,Jewelery,77.47
5,01.07.2017,3:04:44,85,Kids,21.27
6,01.07.2017,12:27:13,94,Baby,17.0
7,01.07.2017,19:17:40,29,Grocery,55.6
8,01.08.2017,12:11:50,88,Automotive,64.7
9,01.08.2017,14:12:32,55,Toys,1.89
10,01.08.2017,15:34:53,18,Health,55.96
11,01.08.2017,16:41:35,87,Outdoors,73.18
12,01.08.2017,17:02:05,28,Tools,58.34
13,01.08.2017,19:40:39,44,Grocery,9.18
14,01.09.2017,11:06:17,57,Outdoors,2.84
15,01.09.2017,14:50:20,55,Outdoors,39.51
16,01.09.2017,15:04:24,25,Games,41.0
17,01.09.2017,16:55:03,99,Games,41.32
18,01.09.2017,21:56:37,42,Jewelery,25.47
19,01.10.2017,1:52:45,40,Books,15.05
20,01.11.2017,3:54:34,5,Computers,79.0
21,01.11.2017,19:43:13,91,Books,54.96
22,01.12.2017,6:16:59,61,Industrial,11.41
23,01.12.2017,10:25:38,95,Industrial,22.64
24,01.12.2017,20:19:19,33,Music,63.39
25,02.05.2017,2:40:11,76,Industrial,62.43
26,02.05.2017,4:33:49,14,Outdoors,67.68
27,02.05.2017,7:16:21,66,Books,30.78
28,02.05.2017,12:46:48,75,Clothing,31.6
29,02.05.2017,14:31:57,16,Beauty,86.1
30,02.06.2017,1:57:13,59,Kids,29.68
31,02.06.2017,6:14:01,37,Health,17.52
32,02.06.2017,14:41:48,63,Shoes,27.9
33,02.06.2017,19:36:02,29,Sports,4.94
34,02.07.2017,4:17:52,28,Kids,4.23
35,02.07.2017,5:09:18,52,Games,64.11
36,02.07.2017,7:48:50,91,Industrial,74.42
37,02.07.2017,19:42:47,19,Computers,50.83
38,02.08.2017,5:39:13,73,Computers,4.61
39,02.08.2017,7:36:31,17,Home,73.54
40,02.08.2017,11:23:36,78,Clothing,57.64
41,02.08.2017,14:58:43,69,Tools,55.22
42,02.08.2017,23:47:38,85,Computers,86.35
43,02.09.2017,8:18:08,54,Automotive,77.45
44,02.10.2017,21:51:36,10,Clothing,88.9
45,02.11.2017,4:37:20,28,Electronics,21.86
46,02.12.2017,0:48:32,81,Kids,69.96
47,02.12.2017,1:43:14,78,Outdoors,59.8
48,02.12.2017,6:33:09,24,Tools,85.37
49,02.12.2017,6:40:39,77,Movies,82.96
50,02.12.2017,15:03:15,88,Beauty,40.34
51,03.04.2017,4:18:00,7,Home,36.69
52,03.04.2017,13:24:02,37,Books,20.93
53,03.04.2017,15:21:05,61,Sports,35.94
54,03.04.2017,15:55:58,26,Books,84.43
55,03.04.2017,17:30:22,60,Beauty,64.5
56,03.05.2017,4:29:04,70,Computers,82.92
57,03.05.2017,12:59:38,98,Movies,19.8
58,03.05.2017,20:27:18,44,Kids,30.56
59,03.05.2017,22:03:16,19,Automotive,20.87
60,03.06.2017,9:46:12,44,Shoes,29.07
61,03.06.2017,9:54:47,29,Electronics,17.1
62,03.06.2017,20:29:31,17,Baby,91.6
63,03.07.2017,5:53:48,90,Grocery,76.13
64,03.08.2017,9:02:03,56,Baby,56.19
65,03.08.2017,11:39:23,71,Music,22.57
66,03.08.2017,18:13:04,75,Beauty,25.58
67,03.09.2017,13:39:16,22,Garden,63.66
68,03.09.2017,17:05:25,17,Industrial,64.67
69,03.10.2017,7:27:58,51,Beauty,53.46
70,03.10.2017,8:04:48,73,Health,82.65
71,03.10.2017,18:27:10,40,Industrial,44.83
72,03.10.2017,19:09:16,62,Automotive,65.79
73,03.11.2017,3:59:22,23,Baby,58.21
74,03.11.2017,5:06:27,58,Shoes,16.23
75,03.11.2017,6:22:26,75,Computers,25.18
76,03.11.2017,13:48:28,35,Kids,94.73
77,03.11.2017,18:59:15,23,Computers,66.11
78,03.12.2017,7:27:57,65,Movies,40.47
79,03.12.2017,15:52:59,10,Health,86.99
80,03.12.2017,18:33:15,17,Garden,14.45
81,13.03.2017,4:36:45,44,Toys,20.39
82,14.03.2017,1:21:58,55,Tools,94.14
83,14.03.2017,15:22:25,59,Shoes,98.29
84,14.03.2017,16:34:43,7,Grocery,62.76
85,15.03.2017,2:56:53,65,Clothing,37.98
86,15.03.2017,7:33:17,69,Automotive,40.14
87,15.03.2017,13:20:06,86,Automotive,46.14
88,16.03.2017,0:40:19,85,Automotive,6.12
89,16.03.2017,0:48:54,91,Movies,88.68
90,16.03.2017,8:47:04,41,Toys,33.51
91,16.03.2017,11:45:06,29,Electronics,87.15
92,17.03.2017,1:49:12,46,Beauty,59.76
93,17.03.2017,10:11:46,14,Baby,72.79
94,18.03.2017,8:05:34,70,Electronics,43.1
95,18.03.2017,14:39:19,8,Outdoors,57.09
96,18.03.2017,23:58:15,13,Outdoors,40.35
97,19.03.2017,10:36:05,98,Health,49.54
98,19.03.2017,22:51:39,17,Tools,55.37
99,19.03.2017,22:58:01,40,Kids,35.03
100,20.03.2017,6:27:54,28,Sports,39.5
101,20.03.2017,9:46:06,10,Beauty,55.02
102,20.03.2017,22:20:06,84,Jewelery,87.24
103,20.03.2017,23:11:14,50,Industrial,29.08
104,21.03.2017,5:31:45,55,Electronics,74.47
105,21.03.2017,10:07:03,56,Clothing,89.41
106,21.03.2017,12:25:41,77,Music,46.29
107,21.03.2017,14:51:14,27,Industrial,51.76
108,23.03.2017,3:52:17,41,Games,60.19
109,23.03.2017,15:34:40,38,Movies,23.48
110,23.03.2017,22:28:48,57,Electronics,84.3
111,24.03.2017,7:40:56,86,Tools,20.96
112,24.03.2017,9:29:06,92,Sports,48.49
113,25.03.2017,2:57:52,35,Kids,16.86
114,25.03.2017,4:27:46,57,Jewelery,19.63
115,25.03.2017,6:11:44,67,Tools,71.37
116,25.03.2017,16:59:21,33,Tools,95.41
117,26.03.2017,7:49:29,15,Shoes,18.4
118,26.03.2017,18:38:23,26,Beauty,31.07
119,26.03.2017,23:08:23,38,Jewelery,16.66
120,27.03.2017,16:59:07,1,Jewelery,75.22
121,27.03.2017,19:34:29,24,Books,8.77
122,27.03.2017,23:21:06,22,Baby,26.49
123,28.03.2017,14:23:23,74,Jewelery,66.36
124,29.03.2017,10:32:31,56,Books,22.65
125,29.03.2017,10:44:20,31,Sports,33.92
126,29.03.2017,13:41:11,19,Industrial,38.28
127,29.03.2017,16:45:10,80,Kids,55.89
128,29.03.2017,22:41:15,26,Sports,90.41
129,31.03.2017,20:04:16,23,Home,54.83
130,31.03.2017,23:04:28,66,Electronics,82.9
131,04.04.2017,8:05:45,73,Garden,78.7
132,04.05.2017,5:22:31,19,Jewelery,45.82
133,04.05.2017,9:31:51,98,Kids,91.02
134,04.06.2017,5:56:50,95,Home,57.26
135,04.06.2017,6:18:14,93,Health,49.21
136,04.06.2017,8:55:36,20,Jewelery,96.6
137,04.06.2017,18:07:11,11,Beauty,26.91
138,04.08.2017,9:38:16,76,Electronics,29.06
139,04.08.2017,10:05:29,97,Clothing,18.64
140,04.08.2017,10:14:05,12,Books,17.3
141,04.08.2017,15:13:03,38,Health,87.79
142,04.08.2017,18:13:49,56,Health,69.81
143,04.08.2017,18:46:32,76,Kids,53.48
144,04.09.2017,13:41:23,69,Electronics,4.75
145,04.10.2017,4:33:39,81,Computers,6.71
146,04.10.2017,11:05:20,45,Outdoors,84.67
147,04.10.2017,20:24:56,23,Outdoors,42.48
148,04.10.2017,22:11:29,86,Industrial,61.14
149,04.11.2017,12:19:48,78,Automotive,13.1
150,04.12.2017,6:49:53,80,Tools,96.35
151,04.12.2017,8:38:11,54,Jewelery,65.19
152,04.12.2017,8:42:38,93,Automotive,29.38
153,04.12.2017,11:00:04,71,Beauty,79.54
154,13.04.2017,4:45:41,19,Jewelery,77.79
155,13.04.2017,9:49:40,38,Shoes,83.08
156,13.04.2017,13:00:01,55,Garden,2.12
157,13.04.2017,19:56:04,59,Electronics,5.87
158,13.04.2017,20:35:53,1,Games,34.86
159,13.04.2017,21:33:10,71,Beauty,10.16
160,14.04.2017,9:32:52,89,Industrial,90.59
161,15.04.2017,23:46:07,83,Games,88.18
162,16.04.2017,20:53:07,59,Industrial,30.8
163,17.04.2017,2:47:11,23,Industrial,41.33
164,17.04.2017,20:01:49,3,Clothing,40.87
165,17.04.2017,23:35:34,34,Baby,67.34
166,18.04.2017,10:16:37,19,Grocery,16.94
167,18.04.2017,14:37:06,31,Clothing,83.62
168,19.04.2017,1:59:16,15,Clothing,54.03
169,19.04.2017,12:44:31,29,Electronics,57.19
170,20.04.2017,5:06:50,53,Tools,21.12
171,21.04.2017,22:52:50,34,Sports,63.69
172,22.04.2017,2:06:53,67,Books,56.02
173,22.04.2017,2:41:06,4,Movies,92.1
174,22.04.2017,6:22:53,71,Music,64.64
175,22.04.2017,7:34:38,27,Grocery,23.1
176,22.04.2017,7:49:35,63,Health,31.39
177,22.04.2017,17:55:07,42,Music,81.34
178,23.04.2017,2:52:48,16,Toys,21.06
179,23.04.2017,3:54:22,55,Toys,69.58
180,23.04.2017,11:05:36,12,Shoes,85.73
181,23.04.2017,16:37:36,32,Sports,35.23
182,23.04.2017,20:59:24,13,Garden,29.35
183,25.04.2017,4:49:16,38,Clothing,64.03
184,25.04.2017,7:54:34,90,Tools,67.11
185,25.04.2017,17:55:53,85,Music,65.93
186,25.04.2017,18:44:43,53,Grocery,35.24
187,25.04.2017,21:29:50,21,Music,12.68
188,26.04.2017,3:04:35,56,Kids,42.98
189,26.04.2017,8:24:53,66,Industrial,42.61
190,26.04.2017,10:03:43,57,Kids,26.01
191,26.04.2017,13:48:45,41,Home,89.48
192,27.04.2017,5:18:26,81,Movies,58.71
193,28.04.2017,0:16:56,90,Kids,94.69
194,28.04.2017,5:16:44,57,Garden,99.15
195,28.04.2017,17:24:56,87,Automotive,63.62
196,28.04.2017,20:02:22,59,Electronics,92.55
197,28.04.2017,20:58:24,100,Garden,86.87
198,29.04.2017,11:12:33,11,Music,94.74
199,30.04.2017,0:05:24,92,Shoes,35.11
200,30.04.2017,13:01:09,20,Industrial,15.54
201,05.04.2017,1:19:24,90,Movies,35.74
202,05.05.2017,3:05:15,43,Movies,73.33
203,05.05.2017,4:56:13,25,Games,35.16
204,05.05.2017,18:18:10,95,Music,52.43
205,05.06.2017,2:36:06,91,Clothing,10.36
206,05.07.2017,11:23:58,53,Baby,50.44
207,05.07.2017,18:23:45,87,Home,60.16
208,05.08.2017,10:10:09,2,Grocery,83.25
209,05.08.2017,19:58:32,38,Health,59.05
210,05.09.2017,1:29:57,78,Books,22.29
211,05.09.2017,3:19:20,47,Clothing,12.7
212,05.09.2017,3:36:51,92,Beauty,56.7
213,05.09.2017,6:35:50,40,Baby,73.53
214,05.09.2017,11:06:41,95,Books,69.77
215,05.09.2017,12:15:26,83,Shoes,15.61
216,05.09.2017,12:25:49,8,Movies,69.52
217,05.09.2017,15:26:46,56,Clothing,68.41
218,05.09.2017,22:10:04,37,Grocery,54.06
219,05.10.2017,4:27:16,71,Shoes,65.09
220,05.10.2017,13:12:31,56,Tools,18.09
221,05.10.2017,21:35:50,24,Outdoors,88.58
222,05.12.2017,11:54:47,94,Sports,42.57
223,05.12.2017,12:25:35,54,Baby,76.34
224,05.12.2017,12:55:08,11,Clothing,13.96
225,05.12.2017,18:47:27,93,Computers,12.29
226,13.05.2017,1:13:23,30,Kids,89.05
227,13.05.2017,2:08:21,61,Computers,41.79
228,13.05.2017,8:24:27,57,Clothing,47.84
229,14.05.2017,0:22:21,79,Computers,79.12
230,14.05.2017,7:56:20,61,Games,65.37
231,14.05.2017,11:28:56,40,Sports,22.31
232,14.05.2017,15:53:29,3,Sports,24.31
233,15.05.2017,3:30:06,93,Automotive,62.41
234,16.05.2017,4:00:21,29,Shoes,30.87
235,16.05.2017,20:04:25,21,Beauty,90.94
236,16.05.2017,22:26:51,48,Music,12.68
237,17.05.2017,17:43:49,34,Books,39.9
238,18.05.2017,3:41:51,54,Shoes,90.03
239,18.05.2017,10:18:13,24,Toys,12.4
240,18.05.2017,15:29:02,41,Music,49.17
241,18.05.2017,21:43:04,86,Tools,54.06
242,19.05.2017,8:00:35,97,Sports,98.41
243,20.05.2017,2:08:33,3,Outdoors,77.55
244,21.05.2017,13:03:09,7,Grocery,34.6
245,21.05.2017,16:17:38,6,Garden,9.47
246,22.05.2017,2:48:22,59,Home,46.34
247,23.05.2017,2:41:54,87,Industrial,73.59
248,23.05.2017,6:09:02,42,Shoes,45.45
249,23.05.2017,7:36:16,50,Music,26.12
250,24.05.2017,5:01:05,85,Toys,86.14
251,24.05.2017,10:06:47,19,Garden,43.12
252,24.05.2017,11:08:47,27,Clothing,73.67
253,24.05.2017,17:06:17,87,Jewelery,6.22
254,26.05.2017,0:29:53,26,Books,68.3
255,26.05.2017,3:58:13,71,Shoes,67.14
256,26.05.2017,14:53:07,22,Movies,49.47
257,27.05.2017,13:12:53,6,Sports,73.19
258,27.05.2017,22:28:43,93,Jewelery,34.91
259,28.05.2017,7:54:13,34,Industrial,26.17
260,28.05.2017,19:40:03,25,Beauty,47.93
261,28.05.2017,20:20:00,48,Beauty,61.34
262,29.05.2017,3:38:27,48,Computers,24.57
263,29.05.2017,9:51:17,37,Beauty,36.47
264,29.05.2017,11:08:54,87,Sports,68.46
265,29.05.2017,11:30:22,56,Garden,68.9
266,29.05.2017,18:18:08,20,Baby,79.13
267,29.05.2017,20:49:19,39,Tools,61.61
268,30.05.2017,4:35:05,74,Tools,74.93
269,30.05.2017,12:03:33,17,Movies,95.64
270,30.05.2017,20:55:42,54,Home,76.87
271,06.04.2017,1:24:36,60,Toys,36.98
272,06.04.2017,9:03:11,26,Health,79.43
273,06.04.2017,22:59:17,15,Toys,24.58
274,06.05.2017,5:05:12,68,Toys,23.43
275,06.05.2017,7:22:13,69,Beauty,75.3
276,06.05.2017,11:37:24,54,Jewelery,81.51
277,06.05.2017,22:18:04,16,Health,15.32
278,06.06.2017,2:25:22,15,Baby,57.75
279,06.06.2017,4:39:48,52,Tools,72.33
280,06.06.2017,6:07:46,28,Clothing,34.8
281,06.06.2017,7:05:54,5,Games,7.7
282,06.06.2017,22:35:22,100,Garden,23.34
283,06.07.2017,11:03:46,10,Jewelery,44.09
284,06.08.2017,7:11:11,23,Shoes,17.04
285,06.08.2017,14:27:48,96,Music,21.51
286,06.08.2017,14:50:21,89,Health,66.67
287,06.08.2017,16:12:24,96,Sports,49.41
288,06.08.2017,19:01:52,1,Baby,32.77
289,06.10.2017,2:45:43,62,Beauty,26.76
290,06.10.2017,3:40:20,38,Computers,2.32
291,06.11.2017,6:39:50,52,Automotive,68.7
292,06.11.2017,19:55:49,62,Industrial,89.0
293,06.12.2017,0:16:43,31,Tools,60.91
294,06.12.2017,7:49:18,78,Baby,2.83
295,13.06.2017,3:36:24,7,Toys,73.86
296,13.06.2017,14:49:41,28,Games,43.9
297,13.06.2017,15:51:56,7,Industrial,18.56
298,13.06.2017,17:13:27,24,Clothing,5.62
299,14.06.2017,7:50:18,17,Sports,29.45
300,14.06.2017,23:27:04,35,Shoes,78.34
301,15.06.2017,0:59:54,40,Automotive,64.22
302,15.06.2017,2:08:19,90,Books,42.19
303,16.06.2017,9:23:36,4,Grocery,73.24
304,16.06.2017,14:35:36,28,Health,44.83
305,16.06.2017,14:44:26,36,Automotive,44.87
306,16.06.2017,16:38:47,32,Home,37.32
307,17.06.2017,12:32:59,64,Books,48.32
308,18.06.2017,5:00:05,56,Baby,34.47
309,18.06.2017,13:47:31,55,Industrial,91.4
310,19.06.2017,7:08:46,85,Kids,85.5
311,19.06.2017,21:41:23,27,Music,16.6
312,19.06.2017,23:46:18,31,Garden,10.32
313,21.06.2017,22:33:52,88,Kids,74.62
314,21.06.2017,23:44:20,45,Books,30.74
315,22.06.2017,0:44:02,100,Outdoors,80.81
316,22.06.2017,1:13:38,61,Baby,28.15
317,22.06.2017,4:14:32,2,Grocery,38.59
318,22.06.2017,22:14:50,36,Toys,31.25
319,23.06.2017,12:25:40,60,Kids,61.5
320,24.06.2017,0:15:04,32,Home,99.89
321,24.06.2017,12:09:33,49,Tools,16.06
322,25.06.2017,8:11:00,77,Tools,49.24
323,25.06.2017,15:07:36,11,Baby,72.24
324,26.06.2017,11:29:36,47,Home,10.03
325,26.06.2017,19:22:47,63,Industrial,25.07
326,27.06.2017,2:09:56,12,Health,86.76
327,27.06.2017,9:58:36,95,Garden,69.83
328,28.06.2017,21:22:37,53,Baby,78.71
329,29.06.2017,9:01:51,94,Movies,42.91
330,29.06.2017,19:29:20,46,Toys,46.32
331,29.06.2017,20:04:19,70,Beauty,2.28
332,30.06.2017,3:20:04,11,Tools,6.32
333,30.06.2017,6:20:10,50,Jewelery,84.9
334,30.06.2017,19:05:03,86,Books,46.93
335,30.06.2017,22:20:26,8,Automotive,34.24
336,07.04.2017,5:28:27,53,Health,68.97
337,07.04.2017,10:52:43,92,Books,56.78
338,07.04.2017,13:54:56,3,Movies,63.09
339,07.04.2017,15:33:43,83,Tools,85.71
340,07.04.2017,20:29:17,14,Outdoors,26.0
341,07.05.2017,19:43:09,98,Grocery,3.19
342,07.05.2017,21:42:44,66,Outdoors,7.16
343,07.06.2017,4:54:03,49,Music,19.96
344,07.06.2017,9:05:26,89,Jewelery,87.04
345,07.06.2017,9:09:31,66,Books,77.79
346,07.06.2017,16:56:30,76,Toys,35.88
347,07.06.2017,19:51:41,10,Tools,14.75
348,07.06.2017,23:00:29,45,Books,78.12
349,07.07.2017,8:53:12,39,Sports,92.77
350,07.07.2017,10:21:05,19,Industrial,99.49
351,07.07.2017,13:59:08,24,Toys,25.34
352,07.08.2017,0:11:05,95,Outdoors,7.1
353,07.08.2017,3:40:59,94,Shoes,11.73
354,07.08.2017,3:53:26,8,Automotive,66.82
355,07.08.2017,4:07:45,76,Shoes,89.05
356,07.08.2017,15:20:19,76,Clothing,80.89
357,07.10.2017,0:03:52,21,Movies,57.47
358,07.10.2017,1:18:45,12,Kids,91.88
359,07.10.2017,9:39:18,33,Shoes,27.28
360,07.11.2017,5:34:28,1,Beauty,23.3
361,07.11.2017,19:30:36,42,Garden,95.09
362,07.12.2017,1:45:47,94,Health,59.6
363,07.12.2017,12:02:38,39,Clothing,3.03
364,07.12.2017,17:30:52,14,Automotive,88.29
365,13.07.2017,13:29:28,79,Kids,77.42
366,13.07.2017,16:25:34,22,Shoes,62.13
367,14.07.2017,2:46:02,77,Industrial,99.2
368,14.07.2017,2:51:22,9,Electronics,24.81
369,14.07.2017,18:11:25,79,Books,46.26
370,15.07.2017,6:52:46,25,Shoes,45.1
371,15.07.2017,8:27:26,31,Clothing,11.95
372,15.07.2017,17:35:08,83,Electronics,56.22
373,17.07.2017,5:50:46,63,Shoes,6.72
374,17.07.2017,14:19:56,10,Toys,5.21
375,18.07.2017,3:52:57,15,Baby,56.81
376,18.07.2017,11:57:55,65,Health,61.2
377,18.07.2017,14:46:00,82,Music,81.87
378,19.07.2017,9:05:10,74,Grocery,50.4
379,19.07.2017,22:17:04,22,Jewelery,19.06
380,20.07.2017,17:36:35,55,Automotive,8.68
381,21.07.2017,17:37:08,71,Kids,55.3
382,21.07.2017,20:24:46,17,Automotive,82.41
383,21.07.2017,22:30:04,25,Clothing,10.99
384,22.07.2017,2:13:17,36,Automotive,35.38
385,22.07.2017,4:15:48,72,Movies,17.58
386,22.07.2017,7:24:34,94,Music,69.06
387,22.07.2017,16:48:39,52,Music,65.83
388,22.07.2017,20:17:44,67,Toys,46.35
389,23.07.2017,6:18:58,32,Music,32.05
390,23.07.2017,12:21:20,22,Movies,62.44
391,23.07.2017,13:24:37,19,Toys,10.29
392,23.07.2017,13:40:32,19,Jewelery,96.43
393,23.07.2017,19:23:21,42,Shoes,27.32
394,23.07.2017,21:11:56,27,Games,86.91
395,24.07.2017,18:36:25,57,Music,29.98
396,25.07.2017,4:48:19,20,Electronics,77.77
397,25.07.2017,6:57:51,63,Music,20.76
398,25.07.2017,16:44:59,69,Toys,94.04
399,26.07.2017,4:32:31,19,Baby,56.49
400,26.07.2017,9:55:07,77,Health,37.04
401,26.07.2017,11:11:37,23,Games,36.52
402,27.07.2017,0:07:35,97,Industrial,94.03
403,27.07.2017,5:29:01,51,Music,16.44
404,27.07.2017,12:17:52,70,Kids,22.87
405,27.07.2017,14:53:50,66,Health,26.73
406,27.07.2017,15:37:45,4,Clothing,10.7
407,27.07.2017,15:43:26,78,Baby,89.87
408,28.07.2017,0:05:58,53,Outdoors,43.31
409,28.07.2017,1:32:06,99,Garden,19.37
410,28.07.2017,17:35:21,66,Outdoors,52.26
411,29.07.2017,1:15:37,28,Kids,79.17
412,29.07.2017,12:55:22,100,Baby,22.53
413,29.07.2017,14:07:38,67,Books,5.66
414,30.07.2017,1:15:31,11,Books,91.4
415,30.07.2017,8:53:57,96,Industrial,47.85
416,30.07.2017,20:59:21,74,Toys,51.71
417,31.07.2017,3:56:16,97,Kids,17.84
418,31.07.2017,6:08:07,88,Movies,66.46
419,31.07.2017,10:42:23,69,Books,16.94
420,31.07.2017,11:56:07,91,Automotive,21.46
421,31.07.2017,16:48:17,17,Games,33.64
422,08.04.2017,0:27:58,21,Tools,10.56
423,08.04.2017,4:54:46,100,Automotive,25.61
424,08.04.2017,8:04:30,38,Garden,45.33
425,08.04.2017,12:10:34,80,Games,97.47
426,08.04.2017,15:18:08,93,Outdoors,71.77
427,08.04.2017,17:32:07,51,Baby,79.72
428,08.05.2017,17:47:21,44,Home,84.59
429,08.05.2017,18:08:48,3,Health,19.93
430,08.05.2017,20:50:22,9,Beauty,33.13
431,08.06.2017,0:11:00,77,Games,93.25
432,08.06.2017,0:57:50,10,Tools,40.69
433,08.07.2017,5:23:14,67,Beauty,53.58
434,08.07.2017,5:48:35,95,Outdoors,37.26
435,08.07.2017,17:39:14,58,Electronics,93.52
436,08.07.2017,23:36:43,80,Grocery,94.02
437,08.08.2017,0:02:38,64,Tools,26.98
438,08.08.2017,3:12:39,67,Outdoors,79.71
439,08.08.2017,12:48:19,39,Home,77.82
440,08.08.2017,18:02:01,79,Jewelery,89.32
441,08.10.2017,3:24:16,2,Movies,21.89
442,08.10.2017,6:28:14,53,Electronics,33.87
443,08.10.2017,9:07:50,74,Jewelery,80.03
444,08.10.2017,13:18:46,15,Home,87.5
445,08.10.2017,19:50:16,41,Industrial,51.66
446,08.10.2017,20:08:10,58,Computers,59.6
447,08.11.2017,6:08:38,87,Industrial,73.93
448,08.12.2017,5:35:09,58,Books,58.59
449,08.12.2017,14:29:05,88,Beauty,4.95
450,14.08.2017,1:07:03,19,Baby,76.52
451,14.08.2017,8:50:42,52,Shoes,52.83
452,14.08.2017,21:04:02,56,Beauty,61.68
453,15.08.2017,3:17:31,77,Books,27.08
454,15.08.2017,3:38:00,3,Clothing,47.43
455,15.08.2017,4:37:51,61,Beauty,99.68
456,15.08.2017,7:28:14,1,Baby,71.01
457,15.08.2017,19:59:45,60,Kids,66.9
458,16.08.2017,5:09:34,82,Beauty,83.08
459,17.08.2017,6:24:18,39,Grocery,43.73
460,17.08.2017,13:50:51,10,Books,5.97
461,17.08.2017,16:25:24,44,Outdoors,10.64
462,19.08.2017,17:03:23,36,Computers,80.77
463,20.08.2017,3:48:12,61,Movies,74.18
464,20.08.2017,5:30:50,55,Grocery,11.89
465,20.08.2017,6:40:37,91,Shoes,28.16
466,21.08.2017,12:12:18,8,Toys,68.89
467,23.08.2017,12:51:31,71,Books,70.44
468,23.08.2017,14:05:23,74,Beauty,70.35
469,23.08.2017,18:11:16,9,Health,4.54
470,23.08.2017,18:25:23,32,Computers,91.83
471,23.08.2017,23:12:01,83,Books,29.98
472,24.08.2017,15:21:51,8,Outdoors,58.9
473,24.08.2017,19:07:25,23,Electronics,81.09
474,25.08.2017,0:24:33,2,Games,50.06
475,25.08.2017,0:45:15,45,Grocery,77.18
476,25.08.2017,12:33:55,10,Kids,24.34
477,26.08.2017,4:17:03,97,Electronics,68.63
478,26.08.2017,6:00:13,49,Games,73.17
479,26.08.2017,8:29:17,49,Garden,57.62
480,26.08.2017,19:28:16,12,Beauty,9.28
481,27.08.2017,3:14:04,56,Grocery,89.51
482,27.08.2017,3:46:58,84,Automotive,30.98
483,27.08.2017,15:40:48,34,Garden,23.81
484,27.08.2017,17:20:38,53,Beauty,36.25
485,28.08.2017,1:59:47,55,Books,24.72
486,28.08.2017,7:10:14,48,Games,79.95
487,28.08.2017,9:13:41,28,Toys,83.33
488,28.08.2017,13:21:33,51,Toys,99.34
489,28.08.2017,18:12:24,32,Industrial,73.93
490,30.08.2017,7:35:05,59,Music,75.26
491,30.08.2017,9:38:00,61,Books,36.53
492,31.08.2017,7:20:16,34,Jewelery,21.38
493,09.04.2017,0:02:34,62,Automotive,88.93
494,09.04.2017,7:31:50,54,Books,12.94
495,09.04.2017,18:18:58,20,Automotive,69.78
496,09.05.2017,6:13:00,70,Books,80.54
497,09.05.2017,8:19:27,26,Health,35.79
498,09.06.2017,11:34:48,19,Baby,53.28
499,09.06.2017,16:21:18,17,Home,29.72
500,09.07.2017,10:08:27,75,Games,81.98
501,09.07.2017,14:18:29,97,Garden,25.21
502,09.07.2017,16:59:26,76,Grocery,18.77
503,09.07.2017,17:21:21,48,Grocery,60.32
504,09.07.2017,21:31:16,10,Kids,34.16
505,09.07.2017,23:06:48,83,Music,37.57
506,09.08.2017,5:47:31,92,Shoes,44.39
507,09.08.2017,6:02:00,50,Automotive,42.54
508,09.08.2017,10:52:57,70,Beauty,59.35
509,09.09.2017,14:49:04,13,Clothing,38.62
510,09.09.2017,17:07:45,47,Health,56.69
511,09.09.2017,22:45:59,60,Beauty,6.14
512,09.09.2017,22:53:35,40,Games,51.16
513,09.10.2017,1:52:59,29,Kids,17.48
514,09.10.2017,4:10:49,23,Electronics,6.85
515,09.10.2017,9:58:01,77,Music,42.52
516,09.10.2017,11:05:30,12,Tools,72.38
517,09.10.2017,15:12:27,37,Garden,32.6
518,09.11.2017,9:41:48,33,Jewelery,33.16
519,09.11.2017,18:29:44,15,Shoes,41.35
520,09.11.2017,21:47:24,62,Kids,87.31
521,09.11.2017,21:52:38,51,Electronics,44.45
522,09.12.2017,2:33:16,64,Garden,11.1
523,09.12.2017,9:02:24,57,Outdoors,91.18
524,09.12.2017,16:54:14,50,Books,5.95
525,09.12.2017,21:55:20,29,Outdoors,75.61
526,13.09.2017,1:01:11,10,Toys,1.89
527,13.09.2017,6:19:40,32,Grocery,86.9
528,13.09.2017,9:05:53,14,Books,93.93
529,13.09.2017,10:06:32,8,Books,9.61
530,13.09.2017,10:52:13,1,Outdoors,72.13
531,13.09.2017,14:57:05,37,Games,23.46
532,13.09.2017,19:50:47,35,Industrial,77.61
533,13.09.2017,20:09:50,31,Shoes,35.9
534,14.09.2017,11:48:19,91,Tools,36.02
535,14.09.2017,20:33:08,65,Industrial,44.56
536,15.09.2017,14:00:06,4,Tools,48.54
537,16.09.2017,5:14:33,81,Sports,22.05
538,16.09.2017,18:27:18,26,Movies,33.48
539,16.09.2017,22:30:53,49,Games,11.99
540,17.09.2017,2:43:32,18,Home,14.68
541,17.09.2017,4:54:51,78,Jewelery,99.5
542,17.09.2017,17:41:30,81,Music,26.72
543,18.09.2017,2:29:00,38,Grocery,38.86
544,19.09.2017,8:42:08,52,Grocery,38.68
545,19.09.2017,8:51:11,38,Home,64.53
546,19.09.2017,9:37:42,17,Health,47.27
547,19.09.2017,14:59:46,28,Automotive,10.27
548,20.09.2017,6:56:20,18,Sports,83.42
549,20.09.2017,20:20:30,28,Automotive,90.35
550,21.09.2017,5:37:05,32,Baby,47.37
551,21.09.2017,8:41:37,95,Kids,28.57
552,21.09.2017,14:20:29,76,Shoes,61.31
553,21.09.2017,17:47:18,63,Kids,48.07
554,21.09.2017,19:22:53,19,Jewelery,95.05
555,22.09.2017,0:41:55,36,Jewelery,97.13
556,22.09.2017,5:16:04,20,Tools,26.56
557,22.09.2017,7:40:58,70,Toys,82.1
558,22.09.2017,23:24:29,25,Games,53.8
559,23.09.2017,10:55:51,74,Baby,40.91
560,25.09.2017,5:02:47,78,Grocery,17.19
561,25.09.2017,17:52:28,85,Grocery,98.47
562,26.09.2017,5:48:34,89,Sports,26.96
563,26.09.2017,7:42:03,46,Tools,84.48
564,27.09.2017,4:12:00,31,Health,46.79
565,27.09.2017,5:49:10,84,Kids,9.45
566,27.09.2017,11:11:57,96,Kids,64.42
567,28.09.2017,5:44:24,19,Games,80.89
568,28.09.2017,8:51:30,78,Toys,56.69
569,28.09.2017,23:55:03,75,Shoes,53.53
570,29.09.2017,10:40:57,44,Toys,25.22
571,30.09.2017,7:19:32,52,Grocery,70.55
572,30.09.2017,19:47:44,51,Home,44.79
573,10.04.2017,0:03:19,60,Beauty,42.82
574,10.04.2017,11:44:51,11,Tools,66.53
575,10.04.2017,15:18:43,83,Outdoors,81.98
576,10.04.2017,15:21:27,73,Jewelery,13.06
577,10.05.2017,2:01:35,15,Kids,87.4
578,10.05.2017,3:28:45,42,Home,66.84
579,10.05.2017,6:54:41,18,Toys,48.28
580,10.05.2017,8:23:13,31,Automotive,39.85
581,10.05.2017,20:09:39,11,Games,55.58
582,10.05.2017,22:25:55,46,Baby,42.77
583,10.06.2017,1:42:15,60,Baby,12.67
584,10.06.2017,2:08:32,80,Games,30.64
585,10.06.2017,3:59:30,73,Garden,32.87
586,10.06.2017,6:39:52,83,Health,94.95
587,10.06.2017,18:32:48,41,Industrial,56.37
588,10.07.2017,16:06:53,63,Beauty,9.38
589,10.07.2017,18:54:46,81,Computers,14.74
590,10.08.2017,9:44:09,85,Outdoors,4.16
591,10.08.2017,11:13:55,34,Music,70.59
592,10.08.2017,16:44:37,58,Outdoors,37.85
593,10.10.2017,17:05:36,3,Movies,98.3
594,10.11.2017,8:27:42,27,Jewelery,87.41
595,10.11.2017,12:41:19,45,Shoes,12.19
596,10.11.2017,15:44:28,1,Kids,39.98
597,10.12.2017,3:37:08,11,Games,37.98
598,10.12.2017,11:32:27,16,Clothing,77.71
599,10.12.2017,15:57:57,52,Garden,53.9
600,13.10.2017,1:57:13,61,Computers,7.24
601,13.10.2017,2:15:12,87,Computers,14.38
602,13.10.2017,6:56:12,29,Books,14.94
603,13.10.2017,16:51:27,17,Industrial,54.39
604,14.10.2017,18:09:52,38,Games,71.7
605,14.10.2017,19:55:24,83,Industrial,20.29
606,14.10.2017,20:31:14,58,Computers,41.48
607,14.10.2017,21:12:37,99,Automotive,75.59
608,15.10.2017,13:55:17,59,Sports,2.81
609,16.10.2017,22:03:09,59,Health,55.28
610,17.10.2017,10:58:45,51,Music,56.31
611,17.10.2017,12:28:24,1,Books,65.03
612,17.10.2017,21:41:54,19,Baby,78.75
613,18.10.2017,14:02:54,92,Beauty,23.28
614,19.10.2017,5:52:21,39,Electronics,79.77
615,20.10.2017,2:22:15,93,Games,60.56
616,20.10.2017,11:34:45,1,Grocery,67.47
617,20.10.2017,23:01:57,15,Health,19.16
618,21.10.2017,19:40:17,61,Garden,28.95
619,22.10.2017,9:29:23,29,Computers,90.98
620,22.10.2017,18:10:13,42,Movies,52.2
621,22.10.2017,21:28:30,39,Sports,40.89
622,22.10.2017,22:26:55,65,Grocery,17.34
623,23.10.2017,7:16:08,54,Toys,5.32
624,23.10.2017,8:44:06,82,Health,70.19
625,23.10.2017,11:17:17,29,Health,96.35
626,23.10.2017,11:47:32,54,Electronics,72.29
627,23.10.2017,19:58:24,76,Books,51.96
628,24.10.2017,3:38:56,44,Baby,40.09
629,24.10.2017,7:49:55,3,Jewelery,99.31
630,25.10.2017,4:22:45,7,Books,2.33
631,25.10.2017,9:25:48,30,Grocery,87.44
632,26.10.2017,14:27:41,94,Garden,10.65
633,26.10.2017,15:33:00,24,Sports,79.29
634,28.10.2017,5:48:00,80,Tools,25.14
635,28.10.2017,8:26:28,60,Kids,61.05
636,28.10.2017,18:05:41,47,Automotive,57.43
637,28.10.2017,22:59:49,30,Beauty,64.63
638,29.10.2017,7:25:25,19,Games,70.59
639,30.10.2017,9:04:08,3,Music,4.98
640,30.10.2017,9:47:52,45,Baby,19.71
641,30.10.2017,16:06:19,18,Computers,34.87
642,30.10.2017,16:58:31,5,Toys,20.63
643,30.10.2017,23:38:35,94,Movies,7.2
644,31.10.2017,14:39:48,75,Home,52.82
645,11.04.2017,0:10:48,68,Computers,66.18
646,11.04.2017,10:16:14,77,Health,87.66
647,11.04.2017,18:54:43,82,Industrial,32.83
648,11.05.2017,6:30:42,55,Tools,92.99
649,11.05.2017,15:29:21,40,Grocery,5.27
650,11.07.2017,18:01:56,87,Electronics,7.22
651,11.08.2017,11:36:48,28,Books,83.26
652,11.08.2017,13:01:10,85,Industrial,32.61
653,11.08.2017,19:27:13,71,Baby,1.6
654,11.09.2017,8:51:37,5,Electronics,8.01
655,11.09.2017,13:04:43,56,Home,30.33
656,11.10.2017,7:34:55,20,Clothing,52.88
657,11.10.2017,10:09:11,41,Health,15.98
658,11.10.2017,23:23:00,2,Toys,19.92
659,11.11.2017,2:19:01,48,Jewelery,5.63
660,11.11.2017,7:00:45,41,Outdoors,27.25
661,11.12.2017,0:17:13,62,Toys,86.1
662,11.12.2017,4:07:05,18,Outdoors,99.12
663,11.12.2017,7:48:12,91,Tools,92.71
664,11.12.2017,11:24:02,95,Grocery,89.38
665,11.12.2017,14:03:28,65,Toys,85.46
666,11.12.2017,16:18:45,96,Music,80.68
667,13.11.2017,2:39:31,66,Garden,41.92
668,13.11.2017,5:48:06,52,Baby,68.94
669,13.11.2017,12:47:13,16,Jewelery,16.88
670,13.11.2017,13:23:59,93,Books,71.32
671,13.11.2017,14:43:17,94,Industrial,13.28
672,13.11.2017,23:20:36,83,Music,46.4
673,14.11.2017,2:30:52,99,Toys,67.93
674,14.11.2017,4:40:41,6,Automotive,20.63
675,14.11.2017,9:07:39,80,Electronics,98.77
676,14.11.2017,11:39:14,90,Kids,77.02
677,15.11.2017,3:22:11,16,Sports,31.58
678,15.11.2017,12:42:02,84,Games,52.3
679,15.11.2017,15:46:30,79,Garden,68.9
680,15.11.2017,15:48:55,57,Beauty,80.35
681,16.11.2017,21:35:01,78,Computers,51.81
682,16.11.2017,22:35:14,24,Clothing,30.28
683,17.11.2017,3:33:52,22,Outdoors,18.75
684,18.11.2017,8:35:43,89,Computers,66.57
685,18.11.2017,12:27:32,5,Electronics,68.62
686,18.11.2017,23:46:59,48,Outdoors,32.07
687,19.11.2017,0:44:16,48,Toys,85.38
688,19.11.2017,1:29:59,94,Industrial,13.47
689,19.11.2017,9:28:06,77,Garden,40.13
690,19.11.2017,9:42:47,48,Outdoors,40.3
691,19.11.2017,10:35:26,80,Health,76.63
692,19.11.2017,11:44:05,72,Toys,22.71
693,19.11.2017,18:24:02,58,Garden,18.58
694,19.11.2017,21:50:14,79,Beauty,25.16
695,20.11.2017,4:38:44,33,Clothing,68.46
696,20.11.2017,5:32:53,87,Garden,61.11
697,20.11.2017,22:25:00,96,Garden,57.62
698,20.11.2017,22:56:44,10,Health,98.45
699,21.11.2017,2:50:21,1,Automotive,99.85
700,21.11.2017,4:01:29,14,Health,62.17
701,21.11.2017,11:53:50,12,Movies,87.09
702,21.11.2017,18:08:38,21,Garden,71.91
703,22.11.2017,4:31:33,63,Electronics,65.82
704,23.11.2017,0:15:00,65,Health,4.72
705,23.11.2017,11:36:02,97,Health,9.2
706,23.11.2017,12:39:21,41,Books,96.1
707,23.11.2017,12:56:56,16,Tools,37.71
708,23.11.2017,22:01:30,43,Toys,67.44
709,24.11.2017,23:46:26,87,Baby,47.4
710,26.11.2017,6:51:09,96,Movies,49.09
711,27.11.2017,3:50:13,74,Automotive,53.85
712,27.11.2017,4:22:42,5,Tools,8.82
713,27.11.2017,7:46:21,30,Games,45.99
714,27.11.2017,9:13:28,93,Clothing,40.66
715,27.11.2017,11:48:54,43,Industrial,91.18
716,27.11.2017,20:14:22,22,Books,71.87
717,28.11.2017,3:28:39,98,Home,45.26
718,28.11.2017,20:00:14,20,Movies,62.91
719,29.11.2017,3:58:25,45,Movies,44.59
720,29.11.2017,15:35:46,87,Industrial,53.57
721,29.11.2017,19:30:37,43,Grocery,2.08
722,29.11.2017,22:23:53,21,Health,80.43
723,30.11.2017,1:07:07,54,Movies,85.76
724,30.11.2017,1:39:17,41,Movies,20.31
725,30.11.2017,2:42:05,86,Clothing,55.01
726,30.11.2017,15:21:26,1,Automotive,27.54
727,12.03.2017,1:46:29,86,Outdoors,56.75
728,12.03.2017,6:03:06,42,Kids,22.96
729,12.04.2017,0:39:40,85,Grocery,28.7
730,12.04.2017,0:51:56,47,Movies,32.15
731,12.04.2017,7:17:10,36,Toys,49.65
732,12.04.2017,7:25:21,81,Shoes,43.25
733,12.04.2017,10:54:11,57,Automotive,63.63
734,12.05.2017,5:30:47,85,Beauty,90.54
735,12.05.2017,22:41:41,12,Shoes,41.1
736,12.06.2017,1:18:02,61,Automotive,74.17
737,12.06.2017,2:09:52,88,Clothing,68.6
738,12.06.2017,16:02:32,77,Garden,15.57
739,12.06.2017,20:43:33,85,Toys,29.3
740,12.07.2017,14:01:44,57,Shoes,2.47
741,12.07.2017,19:16:34,85,Sports,51.72
742,12.07.2017,20:04:33,7,Grocery,70.67
743,12.07.2017,20:20:28,60,Movies,83.25
744,12.08.2017,2:13:21,61,Sports,33.52
745,12.08.2017,7:27:10,7,Clothing,52.47
746,12.09.2017,9:19:05,68,Automotive,36.22
747,12.10.2017,5:10:36,47,Games,70.41
748,12.10.2017,20:39:48,56,Clothing,45.13
749,12.10.2017,21:25:02,7,Tools,17.21
750,12.11.2017,17:00:20,85,Kids,94.36
751,12.11.2017,22:27:44,63,Baby,19.38
752,12.12.2017,8:34:31,3,Grocery,61.36
753,13.12.2017,5:19:11,31,Books,48.76
754,13.12.2017,19:23:26,95,Health,87.91
755,13.12.2017,19:56:00,70,Clothing,67.87
756,14.12.2017,16:23:58,24,Computers,40.33
757,14.12.2017,22:21:03,2,Books,29.58
758,15.12.2017,7:11:36,65,Movies,7.18
759,15.12.2017,9:06:17,57,Shoes,53.57
760,15.12.2017,9:35:51,66,Sports,82.5
761,15.12.2017,23:51:19,68,Clothing,86.74
762,16.12.2017,7:26:55,23,Baby,52.03
763,16.12.2017,17:05:21,62,Beauty,62.16
764,16.12.2017,20:30:42,70,Electronics,35.87
765,17.12.2017,3:19:30,90,Shoes,38.04
766,17.12.2017,8:03:02,61,Computers,26.25
767,17.12.2017,11:14:54,74,Toys,22.53
768,17.12.2017,16:12:05,95,Games,51.31
769,18.12.2017,10:39:30,16,Garden,2.89
770,18.12.2017,12:27:46,12,Electronics,17.01
771,18.12.2017,14:15:17,92,Outdoors,13.15
772,19.12.2017,4:54:31,68,Clothing,14.1
773,20.12.2017,2:35:14,76,Electronics,14.15
774,20.12.2017,8:23:16,100,Computers,90.31
775,20.12.2017,23:18:10,89,Electronics,51.36
776,21.12.2017,3:17:31,36,Sports,70.66
777,21.12.2017,10:23:44,92,Electronics,97.87
778,23.12.2017,0:39:42,54,Computers,47.55
779,23.12.2017,7:03:10,13,Tools,97.0
780,23.12.2017,17:00:03,65,Garden,1.71
781,24.12.2017,3:21:04,4,Games,37.87
782,24.12.2017,9:44:05,30,Computers,21.81
783,24.12.2017,16:38:35,83,Home,74.53
784,24.12.2017,17:47:16,68,Clothing,37.24
785,25.12.2017,2:22:45,27,Sports,86.05
786,25.12.2017,20:31:16,63,Automotive,93.42
787,25.12.2017,22:01:29,62,Grocery,90.22
788,26.12.2017,7:50:48,97,Home,70.47
789,26.12.2017,23:12:37,4,Baby,83.01
790,28.12.2017,7:38:49,52,Baby,40.08
791,28.12.2017,20:33:23,79,Clothing,46.59
792,28.12.2017,23:33:44,28,Electronics,25.26
793,29.12.2017,0:11:53,99,Games,48.26
794,30.12.2017,7:40:11,1,Jewelery,85.31
795,31.12.2017,15:01:32,56,Electronics,82.75
796,31.12.2017,15:49:36,2,Industrial,88.5
797,01.01.2018,12:22:13,47,Home,34.85
798,01.02.2018,1:56:43,50,Health,29.53
799,01.02.2018,3:14:56,48,Automotive,87.08
800,01.02.2018,6:48:41,82,Industrial,30.47
801,01.02.2018,7:24:43,99,Electronics,25.03
802,01.02.2018,12:48:46,15,Baby,73.07
803,01.02.2018,17:22:00,13,Outdoors,10.14
804,01.02.2018,22:33:24,49,Movies,25.61
805,01.03.2018,4:58:13,8,Garden,26.97
806,01.03.2018,5:23:57,58,Industrial,63.67
807,01.03.2018,17:24:46,89,Electronics,42.19
808,01.03.2018,21:12:38,41,Computers,41.71
809,13.01.2018,16:27:47,70,Home,23.31
810,14.01.2018,4:01:19,52,Kids,93.52
811,14.01.2018,9:23:26,70,Home,92.75
812,14.01.2018,20:32:00,96,Toys,67.27
813,14.01.2018,21:00:58,3,Outdoors,59.31
814,14.01.2018,21:41:31,28,Toys,42.39
815,14.01.2018,22:21:07,57,Beauty,91.22
816,15.01.2018,5:34:28,63,Automotive,26.52
817,15.01.2018,20:17:58,42,Grocery,4.75
818,16.01.2018,8:05:53,49,Sports,33.32
819,16.01.2018,9:07:52,96,Toys,87.74
820,16.01.2018,9:57:05,16,Clothing,94.27
821,16.01.2018,11:35:59,16,Tools,46.68
822,16.01.2018,13:52:59,59,Electronics,87.36
823,16.01.2018,17:07:05,11,Tools,51.89
824,17.01.2018,7:36:28,91,Baby,45.55
825,17.01.2018,19:19:17,83,Industrial,85.14
826,17.01.2018,21:03:53,93,Games,70.23
827,18.01.2018,7:00:09,45,Shoes,19.68
828,18.01.2018,12:50:02,13,Baby,55.75
829,18.01.2018,19:20:21,89,Garden,30.59
830,18.01.2018,20:04:35,78,Shoes,58.38
831,19.01.2018,20:47:17,87,Home,44.05
832,20.01.2018,18:52:54,60,Sports,44.31
833,21.01.2018,7:13:19,63,Tools,36.69
834,22.01.2018,3:39:30,37,Games,52.75
835,22.01.2018,4:18:52,66,Clothing,40.12
836,22.01.2018,6:19:56,13,Grocery,85.93
837,22.01.2018,7:08:19,97,Toys,51.9
838,22.01.2018,17:44:41,29,Beauty,72.71
839,23.01.2018,1:09:50,48,Sports,40.72
840,23.01.2018,4:17:35,34,Garden,45.96
841,23.01.2018,10:51:47,29,Kids,62.74
842,23.01.2018,19:45:41,2,Grocery,10.63
843,24.01.2018,0:02:51,72,Music,45.12
844,24.01.2018,16:55:07,68,Kids,66.13
845,24.01.2018,21:10:39,87,Industrial,70.28
846,25.01.2018,0:43:30,41,Grocery,50.31
847,25.01.2018,2:44:04,30,Beauty,62.28
848,25.01.2018,12:11:11,57,Grocery,2.26
849,25.01.2018,17:29:59,20,Music,19.32
850,25.01.2018,21:34:30,92,Jewelery,40.63
851,25.01.2018,21:45:12,39,Movies,99.56
852,26.01.2018,1:36:39,74,Toys,11.56
853,26.01.2018,3:50:38,43,Kids,66.14
854,26.01.2018,11:54:52,44,Health,53.45
855,26.01.2018,18:48:37,51,Home,32.44
856,27.01.2018,4:21:45,61,Garden,92.97
857,27.01.2018,4:45:41,14,Tools,41.43
858,27.01.2018,7:18:26,18,Electronics,72.89
859,27.01.2018,9:22:55,51,Health,71.04
860,27.01.2018,10:53:29,90,Games,84.94
861,29.01.2018,23:30:43,11,Outdoors,64.43
862,30.01.2018,14:06:08,19,Beauty,89.03
863,30.01.2018,15:41:46,99,Toys,65.13
864,31.01.2018,1:25:39,87,Shoes,57.16
865,02.01.2018,1:36:59,3,Grocery,68.73
866,02.01.2018,2:29:27,21,Movies,62.93
867,02.01.2018,9:18:46,70,Baby,87.8
868,02.01.2018,16:50:32,66,Books,23.9
869,02.01.2018,17:01:22,57,Games,99.73
870,02.01.2018,18:01:32,38,Tools,36.0
871,13.02.2018,15:56:41,95,Sports,37.26
872,13.02.2018,22:06:21,5,Sports,47.42
873,14.02.2018,13:04:10,44,Shoes,34.72
874,14.02.2018,22:29:18,60,Industrial,53.1
875,15.02.2018,3:27:17,16,Toys,4.75
876,15.02.2018,3:27:55,88,Computers,86.7
877,15.02.2018,8:12:42,36,Shoes,77.52
878,15.02.2018,13:46:00,44,Sports,77.88
879,16.02.2018,3:01:14,87,Grocery,10.47
880,16.02.2018,14:19:57,28,Automotive,68.7
881,17.02.2018,14:11:06,2,Computers,3.03
882,17.02.2018,15:54:46,87,Kids,99.31
883,17.02.2018,23:51:07,2,Health,27.29
884,18.02.2018,9:05:41,21,Movies,16.92
885,18.02.2018,9:29:45,66,Sports,19.09
886,18.02.2018,21:11:16,9,Computers,83.63
887,19.02.2018,1:17:10,20,Computers,11.12
888,19.02.2018,3:49:17,53,Beauty,66.23
889,19.02.2018,4:28:25,90,Computers,16.12
890,19.02.2018,5:48:42,17,Beauty,60.62
891,19.02.2018,6:51:40,60,Outdoors,97.96
892,19.02.2018,7:16:31,42,Beauty,59.75
893,19.02.2018,8:02:07,33,Movies,56.79
894,19.02.2018,9:56:16,64,Garden,66.74
895,19.02.2018,16:02:15,81,Sports,7.75
896,19.02.2018,22:46:40,100,Clothing,52.01
897,20.02.2018,14:31:33,63,Outdoors,72.46
898,20.02.2018,19:41:04,42,Grocery,1.52
899,21.02.2018,2:14:49,16,Electronics,63.13
900,21.02.2018,4:39:29,15,Music,72.27
901,21.02.2018,12:08:41,66,Music,79.72
902,22.02.2018,13:24:46,42,Industrial,62.4
903,23.02.2018,0:10:33,44,Sports,17.16
904,23.02.2018,1:51:48,44,Health,86.46
905,23.02.2018,4:01:37,97,Outdoors,14.64
906,24.02.2018,6:27:48,16,Grocery,62.88
907,24.02.2018,16:20:15,40,Tools,26.88
908,25.02.2018,4:17:50,42,Baby,49.88
909,25.02.2018,10:30:29,79,Movies,80.15
910,25.02.2018,14:18:43,66,Music,10.27
911,25.02.2018,21:11:13,4,Books,35.31
912,26.02.2018,2:24:44,24,Shoes,43.13
913,26.02.2018,19:47:36,92,Tools,96.27
914,27.02.2018,19:33:46,63,Clothing,48.42
915,28.02.2018,6:19:22,70,Garden,47.06
916,28.02.2018,16:23:28,58,Shoes,99.37
917,28.02.2018,23:50:12,38,Shoes,76.1
918,03.01.2018,4:10:52,57,Tools,6.08
919,03.01.2018,4:46:45,31,Sports,49.93
920,03.01.2018,11:35:20,21,Shoes,49.11
921,03.01.2018,16:18:37,21,Computers,50.43
922,03.02.2018,14:58:58,96,Computers,52.1
923,03.02.2018,22:48:38,59,Shoes,97.65
924,03.03.2018,1:06:37,65,Industrial,26.88
925,03.03.2018,11:46:00,31,Sports,55.17
926,03.03.2018,14:39:59,28,Beauty,19.74
927,03.03.2018,17:39:50,11,Electronics,94.08
928,03.03.2018,20:54:24,55,Music,72.66
929,04.01.2018,5:25:38,72,Music,13.15
930,04.01.2018,5:31:11,41,Jewelery,79.18
931,04.01.2018,10:25:01,49,Toys,23.16
932,04.02.2018,8:37:26,26,Shoes,26.43
933,04.02.2018,15:57:21,81,Health,59.64
934,04.03.2018,1:18:00,37,Tools,86.82
935,04.03.2018,12:34:19,41,Computers,89.42
936,04.03.2018,16:22:05,30,Books,1.29
937,05.01.2018,15:48:02,13,Games,36.53
938,05.01.2018,23:22:04,9,Games,14.78
939,05.01.2018,23:42:51,19,Industrial,56.68
940,05.02.2018,3:53:26,20,Outdoors,29.07
941,05.02.2018,3:57:37,54,Jewelery,9.91
942,05.02.2018,7:49:59,6,Industrial,70.15
943,05.02.2018,12:42:24,81,Books,81.51
944,05.02.2018,22:34:34,20,Sports,32.02
945,05.03.2018,9:44:16,53,Electronics,68.25
946,05.03.2018,10:52:18,16,Home,46.05
947,05.03.2018,11:07:46,90,Sports,27.68
948,05.03.2018,12:08:09,59,Toys,88.67
949,05.03.2018,19:47:31,88,Shoes,5.77
950,06.01.2018,8:03:28,26,Kids,75.12
951,06.01.2018,9:36:35,96,Home,37.06
952,07.01.2018,23:39:50,34,Sports,34.2
953,07.02.2018,3:26:32,90,Computers,93.88
954,07.02.2018,22:24:30,73,Shoes,82.31
955,07.03.2018,0:06:31,98,Shoes,22.27
956,07.03.2018,13:09:02,43,Baby,90.36
957,07.03.2018,19:29:54,4,Music,75.46
958,07.03.2018,20:22:10,59,Grocery,81.9
959,08.01.2018,0:04:17,68,Shoes,45.15
960,08.01.2018,8:23:44,93,Clothing,65.84
961,08.01.2018,9:06:20,99,Grocery,98.56
962,08.01.2018,12:17:40,58,Grocery,39.31
963,08.01.2018,16:11:38,57,Grocery,15.96
964,08.02.2018,1:23:58,40,Automotive,87.88
965,08.02.2018,6:13:41,14,Baby,33.83
966,08.02.2018,17:02:02,16,Shoes,4.3
967,08.03.2018,1:56:59,47,Books,66.2
968,09.01.2018,11:08:22,92,Industrial,46.56
969,09.01.2018,14:24:10,70,Baby,49.25
970,09.02.2018,5:18:42,44,Industrial,97.13
971,09.02.2018,18:51:26,36,Home,64.77
972,09.02.2018,23:43:12,6,Home,36.85
973,09.03.2018,14:54:41,44,Kids,24.08
974,09.03.2018,17:06:24,2,Shoes,17.04
975,09.03.2018,17:46:20,30,Games,14.97
976,10.01.2018,4:04:10,16,Baby,88.02
977,10.01.2018,10:48:50,60,Toys,89.83
978,10.01.2018,16:21:19,6,Tools,19.87
979,10.01.2018,21:46:10,19,Sports,11.03
980,10.02.2018,5:57:50,1,Industrial,95.49
981,10.02.2018,20:11:45,7,Sports,25.4
982,10.03.2018,0:35:25,8,Baby,78.94
983,10.03.2018,1:13:13,4,Industrial,46.67
984,10.03.2018,4:25:01,52,Computers,95.29
985,10.03.2018,20:30:44,92,Beauty,92.78
986,10.03.2018,21:06:19,70,Music,70.11
987,11.01.2018,14:31:27,83,Home,82.45
988,11.01.2018,15:17:44,45,Sports,51.95
989,11.01.2018,20:17:10,31,Automotive,37.97
990,11.01.2018,22:05:18,3,Electronics,14.27
991,11.02.2018,2:55:57,69,Books,2.1
992,11.03.2018,1:37:36,47,Shoes,26.51
993,11.03.2018,12:22:49,41,Baby,60.17
994,11.03.2018,20:56:39,73,Baby,37.81
995,11.03.2018,23:18:25,33,Outdoors,7.28
996,12.01.2018,1:41:05,40,Toys,93.26
997,12.01.2018,1:54:45,19,Baby,6.96
998,12.02.2018,16:03:01,41,Sports,59.66
999,12.02.2018,19:59:48,85,Games,91.34
